<?xml version="1.0" encoding = "utf-8"?>
<URLList 
    xmlns="http://www.andrew.cmu.edu/mm6" 
    xmlns:xsi="http://www.w3.org/2001/XMLSchema-instance"  
    xsi:schemaLocation="http://www.andrew.cmu.edu/mm6  urlList.xsd"
>
     <URL>http://www.andrew.cmu.edu/~mm6/95-702/McCarthysSchedule/schedule1.xml</URL>  
     <URL>http://www.andrew.cmu.edu/~mm6/95-702/McCarthysSchedule/schedule2.xml</URL>
     <URL>http://www.andrew.cmu.edu/~mm6/95-702/McCarthysSchedule/schedule3.xml</URL>  
     <URL>http://www.andrew.cmu.edu/~mm6/95-702/McCarthysSchedule/schedule4.xml</URL>
</URLList>	 	
